課次,序號,語詞,母檔,開始秒,結束秒,輸出長度秒,檔名
B3L1,1,興𩑾𩑾,media7.mp3,4.278,5.359,1.123,B3L1_01_興𩑾𩑾.mp3
B3L1,2,倚,media7.mp3,8.256,8.718,0.496,B3L1_02_倚.mp3
B3L1,3,催落去,media7.mp3,10.833,11.803,1.019,B3L1_03_催落去.mp3
B3L1,4,烰,media7.mp3,13.964,14.578,0.653,B3L1_04_烰.mp3
B3L1,5,靠勢,media7.mp3,16.504,17.261,0.784,B3L1_05_靠勢.mp3
B3L1,6,掰無路,media7.mp3,19.118,20.057,0.967,B3L1_06_掰無路.mp3
B3L1,7,袂振袂動,media7.mp3,21.889,23.267,1.411,B3L1_07_袂振袂動.mp3
B3L1,8,四箍輾轉,media7.mp3,25.383,26.669,1.332,B3L1_08_四箍輾轉.mp3
B3L1,9,各樣,media7.mp3,29.059,29.884,0.862,B3L1_09_各樣.mp3
B3L1,10,捒,media7.mp3,32.132,32.581,0.496,B3L1_10_捒.mp3
B3L1,11,才調,media7.mp3,35.023,35.837,0.862,B3L1_11_才調.mp3
B3L1,12,糾筋,media7.mp3,37.996,38.806,0.862,B3L1_12_糾筋.mp3
B3L1,13,牚腿,media7.mp3,40.999,41.833,0.862,B3L1_13_牚腿.mp3
B3L1,14,泅有過,media7.mp3,44.042,45.095,1.097,B3L1_14_泅有過.mp3
B3L2,1,同齊,media8.mp3,4.098,4.991,0.940,B3L2_01_同齊.mp3
B3L2,2,薅,media8.mp3,7.570,8.141,0.601,B3L2_02_薅.mp3
B3L2,3,捘,media8.mp3,10.672,11.304,0.679,B3L2_03_捘.mp3
B3L2,4,鐵鉼,media8.mp3,13.495,14.292,0.836,B3L2_04_鐵鉼.mp3
B3L2,5,操煩,media8.mp3,16.319,17.388,1.097,B3L2_05_操煩.mp3
B3L2,6,歡頭喜面,media8.mp3,19.367,20.980,1.646,B3L2_06_歡頭喜面.mp3
B3L3,1,一片,B3L3 media7.mp3,4.361,5.126,0.810,B3L3_01_一片.mp3
B3L3,2,拌拌咧,B3L3 media7.mp3,7.654,8.632,1.019,B3L3_02_拌拌咧.mp3
B3L3,3,代,B3L3 media7.mp3,11.106,11.641,0.575,B3L3_03_代.mp3
B3L3,4,起毛䆀,B3L3 media7.mp3,14.040,15.119,1.123,B3L3_04_起毛䆀.mp3
B3L3,5,逐,B3L3 media7.mp3,17.470,17.908,0.470,B3L3_05_逐.mp3
B3L3,6,走傱,B3L3 media7.mp3,20.383,21.245,0.888,B3L3_06_走傱.mp3
B3L3,7,覕相揣,B3L3 media7.mp3,23.346,24.633,1.332,B3L3_07_覕相揣.mp3
B3L3,8,拭拭咧,B3L3 media7.mp3,27.249,28.090,0.888,B3L3_08_拭拭咧.mp3
B3L3,9,撫撫咧,B3L3 media7.mp3,30.832,31.883,1.097,B3L3_09_撫撫咧.mp3
B3L3,10,褪赤跤,B3L3 media7.mp3,34.330,35.522,1.228,B3L3_10_褪赤跤.mp3
B3L3,11,囡仔歌,B3L3 media7.mp3,37.966,39.012,1.097,B3L3_11_囡仔歌.mp3
