單元,漢字,臺羅,教典音檔
B2L1,開講,khai-káng,9208(1).mp3
B2L1,請教,tshíng-kàu,11446(1).mp3
B2L1,會曉,ē-hiáu,9626(1).mp3
B2L1,讀冊,tha̍k-tsheh,13231(1).mp3
B2L1,仝款,kāng-khuán,1360(1).mp3
B2L1,干焦,kan-na,448(1).mp3
B2L1,家己,ka-kī,5899(1).mp3
B2L1,吸收,khip-siu,22476(1).mp3
B2L1,發明,huat-bîng,8717(1).mp3
B2L2,作田人,tsoh-tshân-lâng,2892(1).mp3
B2L2,淡薄仔,tām-po̍h-á,7566(1).mp3
B2L2,無閒,bô-îng,8648(1).mp3
B2L2,犁田,lê-tshân/luê-tshân,7586(1).mp3
B2L2,秧仔,ng-á,6432(1).mp3
B2L2,向望,ǹg-bāng,2211(1).mp3
B2L2,天公伯仔,Thinn-kong-peh--á,13910(1).mp3
B2L2,霆雷公,tân-luî-kong,11563(1).mp3
B2L2,沓沓仔,ta̍uh-ta̍uh-á,4275(1).mp3
B2L2,秋凊,tshiu-tshìn,5336(1).mp3
B2L2,翕熱,hip-jua̍h/hip-lua̍h,8924(1).mp3
B2L2,烏有,oo-iú,6249(1).mp3
B2L2,稻埕,tiū-tiânn,11261(1).mp3
B2L2,粟仔,tshik-á,8841(1).mp3
B2L2,早冬,tsá-tang,2465(1).mp3
B2L3,古錐,kóo-tsui,1611(1).mp3
B2L3,死忠,sí-tiong,2488(1).mp3
B2L3,顧厝,kòo-tshù,13179(1).mp3
B2L3,工課,khang-khuè,519(1).mp3
B2L3,熟似,si̍k-sāi,11194(1).mp3
B2L3,毒品,to̍k-phín,23477(1).mp3
B2L3,炸彈,tsà-tuânn,5204(1).mp3
B2L3,氣味,khì-bī,6172(1).mp3
B2L3,危險,guî-hiám,2253(1).mp3
B2L3,搶救,tshiúnn-kiù,26543(1).mp3
B2L3,性命,sènn-miā/sìnn-miā,3904(1).mp3
B2L3,安心,an-sim,2300(1).mp3
B2L3,菜蔬,tshài-se,8968(1).mp3
B2L3,耐心,nāi-sim,5382(1).mp3
B2L3,復健,ho̍k-kiān,25252(1).mp3
B2L4,歹過,pháinn-kuè/phái-kè,17966(1).mp3
B2L4,鬥相共,tàu-sann-kāng,6842(1).mp3
B2L4,募集,bōo-tsi̍p,9336(1).mp3
B2L4,發票,huat-phiò,23089(1).mp3
B2L4,鼓勵,kóo-lē,10368(1).mp3
B2L4,民眾,bîn-tsiòng,1764(1).mp3
B2L4,贊助,tsàn-tsōo,12880(1).mp3
B2L4,人客,lâng-kheh,112(1).mp3
B2L4,拜託,pài-thok,4952(1).mp3
B2L4,同齊,tâng-tsê,2244(1).mp3
B2L4,阿桑,a-sáng,4584(1).mp3
B2L4,幾若,kuí-nā,8329(1).mp3
B2L4,喙焦,tshuì-ta,8225(1).mp3
B2L4,過路人,kuè-lōo-lâng/kè-lōo-lâng,13787(1).mp3
B2L4,落尾,lo̍h-bué/lo̍h-bé,9903(1).mp3
B2自學,今仔日,kin-á-ji̍t/kin-á-li̍t,629(1).mp3
B2自學,逐工,ta̍k-kang,14301(1).mp3
B2自學,照鏡,tsiò-kiànn,9731(1).mp3
B2自學,家己,ka-kī,5899(1).mp3
B2自學,獨一無二,to̍k-it-bû-jī/to̍k-it-bû-lī,24641(1).mp3
B2自學,煩惱,huân-ló,9727(1).mp3
B2自學,相仝,sio-kāng,5234(1).mp3
B2自學,親像,tshin-tshiūnn,11940(1).mp3
B2自學,西北雨,sai-pak-hōo,2838(1).mp3
B2自學,美麗,bí-lē,5445(1).mp3
B2自學,充滿,tshiong-buán,1368(1).mp3
B2自學,各種,kok-tsióng,2237(1).mp3
B2自學,色水,sik-tsuí,2625(1).mp3
