單元,漢字,臺羅,教育部詞義,狀態
B2L1,開講,khai-káng,閒談聊天。；開始演講。,教育部有義項
B2L1,請教,tshíng-kàu,客氣語。向人請求指教時的用語。,教育部有義項
B2L1,會曉,ē-hiáu,知道、懂得。有能力去做某件事。,教育部有義項
B2L1,讀冊,tha̍k-tsheh,讀書、唸書。；上學、上課。,教育部有義項
B2L1,仝款,kāng-khuán,同樣、相像。一樣，沒有差別。,教育部有義項
B2L1,干焦,kan-na,只有、僅僅。,教育部有義項
B2L1,家己,ka-kī,自己、本身。,教育部有義項
B2L1,吸收,khip-siu,,臺華共同詞－教育部無義項
B2L1,發明,huat-bîng,創造出前所未有的事物。,教育部有義項
B2L2,作田人,tsoh-tshân-lâng,農人、農夫。,教育部有義項
B2L2,淡薄仔,tām-po̍h-á,一點點。微量的、些微的。,教育部有義項
B2L2,無閒,bô-îng,忙碌、忙著。；沒空、忙碌。,教育部有義項
B2L2,犁田,lê-tshân/luê-tshân,耕田。用犁翻攪田土，準備耕種。；摔車、撇輪。騎摩托車摔車。摩托車頭沒控制好而翻覆在地上，很像牛犁在犁田一樣。是近年新創的詞。,教育部有義項
B2L2,秧仔,ng-á,植物的幼苗，通常指的是水稻秧苗。,教育部有義項
B2L2,向望,ǹg-bāng,盼望、希望。,教育部有義項
B2L2,天公伯仔,Thinn-kong-peh--á,天老爺、老天爺。,教育部有義項
B2L2,霆雷公,tân-luî-kong,打雷。兩塊異性電荷雲層接觸時，會產生強大的閃光及聲響，即閃電跟打雷。,教育部有義項
B2L2,沓沓仔,ta̍uh-ta̍uh-á,慢慢地。,教育部有義項
B2L2,秋凊,tshiu-tshìn,涼爽。清涼舒爽。,教育部有義項
B2L2,翕熱,hip-jua̍h/hip-lua̍h,悶熱。,教育部有義項
B2L2,烏有,oo-iú,泡湯、落空。,教育部有義項
B2L2,稻埕,tiū-tiânn,晒穀場。用以曝晒稻穀的場地。,教育部有義項
B2L2,粟仔,tshik-á,稻穀。,教育部有義項
B2L2,早冬,tsá-tang,臺灣的稻作一年兩收，「早冬」即第一期的稻作。,教育部有義項
B2L3,古錐,kóo-tsui,可愛。小巧玲瓏，討人歡喜。,教育部有義項
B2L3,死忠,sí-tiong,形容人很忠心，至死不變。,教育部有義項
B2L3,顧厝,kòo-tshù,看家。,教育部有義項
B2L3,工課,khang-khuè,工作、事情。,教育部有義項
B2L3,熟似,si̍k-sāi,熟識。素來認識。,教育部有義項
B2L3,毒品,to̍k-phín,,臺華共同詞－教育部無義項
B2L3,炸彈,tsà-tuânn,裝有炸藥的炮彈。,教育部有義項
B2L3,氣味,khì-bī,芳香或惡臭的味道。,教育部有義項
B2L3,危險,guî-hiám,不安全。,教育部有義項
B2L3,搶救,tshiúnn-kiù,,臺華共同詞－教育部無義項
B2L3,性命,sènn-miā/sìnn-miā,生命。,教育部有義項
B2L3,安心,an-sim,定下心來，內心沒有掛念。,教育部有義項
B2L3,菜蔬,tshài-se,蔬菜。一切可供食用的青菜瓜果。,教育部有義項
B2L3,耐心,nāi-sim,有忍耐力，不急躁、不厭煩的心理狀態。,教育部有義項
B2L3,復健,ho̍k-kiān,,臺華共同詞－教育部無義項
B2L4,歹過,pháinn-kuè/phái-kè,生活困苦、不易度過。,教育部有義項
B2L4,鬥相共,tàu-sann-kāng,幫忙。幫助他人做事或解決困難。,教育部有義項
B2L4,募集,bōo-tsi̍p,招募。向各界招集。,教育部有義項
B2L4,發票,huat-phiò,,臺華共同詞－教育部無義項
B2L4,鼓勵,kóo-lē,用言語或舉止來鼓舞勉勵別人。,教育部有義項
B2L4,民眾,bîn-tsiòng,泛指一般人民。,教育部有義項
B2L4,贊助,tsàn-tsōo,幫忙、幫助。給予物質的支援，以表示樂見其成。,教育部有義項
B2L4,人客,lâng-kheh,客人、賓客、顧客。,教育部有義項
B2L4,拜託,pài-thok,非常恭敬的請託別人幫助。,教育部有義項
B2L4,同齊,tâng-tsê,同時一起。,教育部有義項
B2L4,阿桑,a-sáng,稱謂。對年長者的一種尊稱。,教育部有義項
B2L4,幾若,kuí-nā,幾、若干。,教育部有義項
B2L4,喙焦,tshuì-ta,口渴。,教育部有義項
B2L4,過路人,kuè-lōo-lâng/kè-lōo-lâng,路人、行人。；不相干的人。,教育部有義項
B2L4,落尾,lo̍h-bué/lo̍h-bé,後來、最後。,教育部有義項
B2自學,今仔日,kin-á-ji̍t/kin-á-li̍t,今天、今日。,教育部有義項
B2自學,逐工,ta̍k-kang,每天。,教育部有義項
B2自學,照鏡,tsiò-kiànn,照鏡子。；引申為檢討、反省。,教育部有義項
B2自學,家己,ka-kī,自己、本身。,教育部有義項
B2自學,獨一無二,to̍k-it-bû-jī/to̍k-it-bû-lī,,臺華共同詞－教育部無義項
B2自學,煩惱,huân-ló,煩悶，不快活。,教育部有義項
B2自學,相仝,sio-kāng,相同。,教育部有義項
B2自學,親像,tshin-tshiūnn,好像、好比。,教育部有義項
B2自學,西北雨,sai-pak-hōo,熱雷雨、雷陣雨。臺灣溼熱的夏季午後，因為空氣受太陽輻射加熱作用，使得強烈上升氣流發展形成積雨雲所下的雨。此雨特徵為強度大、雨時短、雨區小、常伴有雷電和短暫強風。,教育部有義項
B2自學,美麗,bí-lē,形容女子容貌漂亮、俏麗。,教育部有義項
B2自學,充滿,tshiong-buán,填足、裝滿。,教育部有義項
B2自學,各種,kok-tsióng,每一種。,教育部有義項
B2自學,色水,sik-tsuí,顏色。,教育部有義項
